Movie Name,Release Period,Whether Remake,Whether Franchise,Genre,New Actor,New Director,New Music Director,Lead Star,Director,Music Director,Number of Screens,Revenue(INR),Budget(INR)
Golden Boys,Normal,No,No,suspense,Yes,No,No,Jeet Goswami,Ravi Varma,Baba Jagirdar,5,5000000,85000
Not A Love Story,Holiday,No,No,thriller,No,No,No,Mahie Gill,Ram Gopal Verma,Sandeep Chowta,525,75000000,56700000
Qaidi Band,Holiday,No,No,drama,Yes,No,No,Aadar Jain,Habib Faisal,Amit Trivedi,800,210000000,4500000
Chaatwali,Holiday,No,No,adult,Yes,Yes,Yes,Aadil Khan,Aadil Khan,Babloo Ustad,1,1000000,1075000
Shuttlecock Boys,Normal,No,No,comedy,Yes,Yes,Yes,Aakar Kaushik,Hemant Gaba,Avinash Baghel,10,5000000,170000
Dirty Marriage,Holiday,No,No,adult,Yes,No,Yes,Aakash,Priyanka,Dharma,2,1500000,35000
Future To Bright Hai Ji,Holiday,No,No,drama,No,Yes,Yes,Aamir Bashir,Sanjay Amar,Amir Ali,30,15000000,825000
Ghajini,Holiday,Yes,No,action,No,Yes,No,Aamir Khan,A.R. Murugadoss,A.R. Rehman,1550,520000000,1945820000
Taare Zameen Par,Holiday,No,No,drama,No,Yes,No,Aamir Khan,Aamir Khan,Shankar - Ehsaan - Loy,500,180000000,875785000
Mangal Pandey - The Rising,Holiday,No,No,drama,No,No,No,Aamir Khan,Ketan Mehta,A.R. Rehman,675,370000000,525785000
Fanaa,Normal,No,No,love_story,No,No,No,Aamir Khan,Kunal Kohli,Jatin - Lalit,650,300000000,1054800000
Dangal,Holiday,No,No,drama,No,No,No,Aamir Khan,Nitish Tiwari,Pritam,4250,1320000000,7024750000
3 Idiots,Holiday,No,No,drama,No,No,No,Aamir Khan,Rajkumar Hirani,Shantanu Moitra,1750,770000000,3491035000
PK,Normal,No,No,drama,No,No,No,Aamir Khan,Rajkumar Hirani,Ajay - Atul,3600,1220000000,6160362500
Rang De Basanti,Holiday,No,No,drama,No,No,No,Aamir Khan,Rakesh Omprakash Mehra,A.R. Rehman,600,280000000,979080000
Talaash,Normal,No,No,thriller,No,No,No,Aamir Khan,Reema Kagti,Ram Sampath,2550,710000000,1729717500
Dhoom 3,Normal,No,Yes,action,No,No,No,Aamir Khan,Vijay Krishna Acharya,Pritam,3650,1750000000,5243760000
Pyaar Mein Aisa Hota Hai,Holiday,No,No,thriller,Yes,Yes,Yes,Aanamika Bawa,Rajesh Kumar,Shabab Azmi,5,5500000,350000
Gurjar Aandolan - A Fight For Right,Normal,No,No,drama,Yes,Yes,Yes,Aarun Nagar,Aarun Nagar,Ashish Donald,5,6500000,575000
Yehi Hai High Society,Holiday,No,No,thriller,No,No,No,Aaryan,Ravi Sinha,S. Paul,20,6500000,4000000
Say Yes To Love,Normal,No,No,love_story,Yes,No,No,Aasad Mirza,Mahrukh Mirza,Jatin Pandit,30,17500000,525000
Dreams - Sapnay Sach Honge...,Holiday,No,No,love_story,Yes,Yes,No,Aashish Chanana,Aashish Chanana,Sajid - Wajid,25,12500000,1375000
Three - Love Lies Betrayal,Normal,No,No,thriller,No,Yes,No,Aashish Chaudhary,Vishal Pandya,Chirantan Bhatt,325,40000000,10000000
Malegaon Me Gadbad Ghotala,Normal,No,No,comedy,Yes,Yes,No,Aasif Albela,Anwar Shaikh,Sahil Patil,5,1000000,300000
Khota Sikka - Jaat Ke Thaath,Normal,No,No,comedy,Yes,Yes,Yes,Aatri Kumar,Ram Pratap Singh,Udbhav,50,9000000,600000
Hi Fi Log,Holiday,No,No,adult,Yes,Yes,No,Abhay Bakshi,Baba Jagirdar,Baba Jagirdar,2,1500000,500000
Dev D,Holiday,No,No,drama,No,No,No,Abhay Deol,Anurag Kashyap,Amit Trivedi,525,110000000,208200000
One By Two,Normal,No,No,rom__com,No,Yes,No,Abhay Deol,Devika Bhagat,Shankar - Ehsaan - Loy,500,210000000,37700000
Oye Lucky! Lucky Oye!,Normal,No,No,comedy,No,No,No,Abhay Deol,Dibakar Banerjee,Sneha Khanwalkar,400,120000000,100620000
Socha Na Tha,Holiday,No,No,rom__com,Yes,Yes,No,Abhay Deol,Imtiaz Ali,Sandesh Shandilya,110,50000000,52800000
Happy Bhaag Jayegi,Normal,No,No,rom__com,No,No,No,Abhay Deol,Mudassar Aziz,Sohail Sen,1000,200000000,391500000
Manorama Six Feet Under,Normal,No,No,suspense,No,Yes,Yes,Abhay Deol,Navdeep Singh,Jayesh Gandhi,75,32500000,5800000
Honeymoon Travels Pvt. Ltd.,Normal,No,No,rom__com,No,Yes,No,Abhay Deol,Reema Kagti,Vishal - Shekhar,350,100000000,195160000
Ek Chalis Ki Last Local,Normal,No,No,comedy,No,Yes,No,Abhay Deol,Sanjay Khanduri,Sandesh Shandilya,140,35000000,25000000
Ahista Ahista,Holiday,No,No,love_story,No,Yes,No,Abhay Deol,Shivam Nair,Himesh Reshammiya,200,40000000,23100000
Lottery,Holiday,No,No,drama,Yes,Yes,Yes,Abhijeet Sawant,Hemant Prabhu,Santosh Singh,40,17500000,425000
Roar - Tigers Of The Sundarbans,Normal,No,No,thriller,Yes,Yes,Yes,Abhinav Shukla,Kamal Sadanah,John Stewart,1250,250000000,134612500
Chakradhaar,Normal,No,No,action,Yes,Yes,No,Abhishek Anand,Dharam Prakash,Anand Raj Anand,250,45000000,6300000
Players,Normal,Yes,No,action,No,No,No,Abhishek Bachchan,Abbas - Mustan,Pritam,1900,550000000,485600000
Game,Holiday,Yes,No,thriller,No,Yes,No,Abhishek Bachchan,Abhinay Deo,Shankar - Ehsaan - Loy,1100,340000000,128792500
Khelein Hum Jee Jaan Sey,Normal,No,No,drama,No,No,No,Abhishek Bachchan,Ashutosh Gowariker,Sohail Sen,750,390000000,76653750
Drona,Holiday,No,No,action,No,No,No,Abhishek Bachchan,Goldie Behl,Dhruv Ghanekar,750,430000000,180660000
Guru,Holiday,No,No,drama,No,No,No,Abhishek Bachchan,Mani Ratnam,A.R. Rehman,650,220000000,836710000
Raavan,Normal,Yes,No,action,No,No,No,Abhishek Bachchan,Mani Ratnam,A.R. Rehman,1350,550000000,495722500
Delhi 6,Holiday,No,No,drama,No,No,No,Abhishek Bachchan,Rakesh Omprakash Mehra,A.R. Rehman,1100,480000000,521750000
Bluffmaster,Normal,No,No,thriller,No,No,No,Abhishek Bachchan,Rohan Sippy,Vishal - Shekhar,350,100000000,327100000
Dum Maaro Dum,Holiday,No,No,thriller,No,No,No,Abhishek Bachchan,Rohan Sippy,Pritam,1350,310000000,511940000
Bunty Aur Babli,Normal,No,No,comedy,No,No,No,Abhishek Bachchan,Shaad Ali,Shankar - Ehsaan - Loy,475,125000000,637405000
Jhoom Barabar Jhoom,Normal,No,No,rom__com,No,No,No,Abhishek Bachchan,Shaad Ali,Shankar - Ehsaan - Loy,950,270000000,485250000
Dostana,Normal,No,No,rom__com,No,Yes,No,Abhishek Bachchan,Tarun Mansukhani,Vishal - Shekhar,1000,400000000,871517500
All Is Well,Normal,No,No,drama,No,No,No,Abhishek Bachchan,Umesh Shukla,Himesh Reshammiya,1650,340000000,230320000
Apne Ghayal Indian,Normal,No,No,drama,Yes,Yes,Yes,Abhishek Gupta,Rajesh Dubey,Suresh Kumar,1,1000000,140000
Naya Pata,Holiday,No,No,drama,No,Yes,Yes,Abhishek Sharma,Pawan K. Shrivastava,Rupesh Pathak,8,1000000,16000
A Journey Of Samyak Buddha,Normal,No,No,drama,Yes,Yes,Yes,Abhishek Urade,Pravin Damle,Pravin Damle,8,2000000,350000
Hum Hai Raahi Car Ke,Holiday,No,No,rom__com,No,No,No,Adah Sharma,Jyotin Goel,Sangeet - Siddharth,300,50000000,8200000
Strings - Bound By Faith,Normal,No,No,drama,Yes,No,Yes,Adam Bedi,Sanjay Jha,Zubeen Garg,6,9000000,72500
Contract,Normal,No,No,thriller,Yes,No,No,Adhvik Mahajan,Ram Gopal Verma,Amar Mohile,350,75000000,36400000
Haal - E - Dil,Normal,No,No,love_story,Yes,No,No,Adhyayan Suman,Anil Devgan,Vishal Bhardwaj,225,60000000,7200000
Dehraadun Diary,Normal,No,No,thriller,No,No,No,Adhyayan Suman,Milind Ukey,Hanif Sheikh,175,42500000,3400000
Jashnn,Normal,No,No,drama,No,No,No,Adhyayan Suman,Raksha Mistry,Sandesh Shandilya,550,72500000,38900000
Heartless,Normal,No,No,thriller,No,Yes,No,Adhyayan Suman,Shekhar Suman,Gaurav Dagaonkar,400,110000000,11800000
Zed Plus,Normal,No,No,drama,No,No,No,Adil Hussain,Chandraprakash Dwivedi,Sukhwinder Singh,350,55000000,7700000
For Real,Normal,No,No,drama,Yes,Yes,No,Adil Hussain,Sona Jain,Zakir Hussain,30,10000000,1125000
Lessons In Forgetting,Holiday,No,No,drama,No,Yes,No,Adil Hussain,Unni Vijayan,Ganesh Kumaresh,2,60000000,60000
Poorna,Normal,No,No,drama,Yes,No,No,Aditi Inamdar,Rahul Bose,Salim - Sulaiman,300,37500000,37100000
Khanna & Iyer,Holiday,No,No,comedy,Yes,Yes,No,Aditi Sharma,Hemant Hegde,Tabun Sutradhar,70,22500000,1975000
Shaapit,Normal,No,No,horror,Yes,No,Yes,Aditya Narayan,Vikram Bhatt,Nazam Sheraz,750,90000000,104300000
Bandook,Holiday,No,No,drama,No,No,Yes,Aditya Om,Aditya Om,Nikhil Kamath,250,45000000,2100000
Fitoor,Holiday,No,No,drama,No,No,No,Aditya Roy Kapoor,Abhishek Kapoor,Amit Trivedi,1500,710000000,397825000
Daawat E Ishq,Normal,No,No,love_story,No,No,No,Aditya Roy Kapoor,Habib Faisal,Sajid - Wajid,1900,320000000,341300000
Aashiqui 2,Normal,Yes,No,love_story,No,No,No,Aditya Roy Kapoor,Mohit Suri,Mithoon,1150,150000000,1093800000
Ok Jaanu,Holiday,Yes,No,drama,No,No,No,Aditya Roy Kapoor,Shaad Ali,A.R. Rehman,1400,270000000,375020000
Yeh Jo Mohabbat Hai,Normal,No,No,love_story,Yes,Yes,No,Aditya Samanta,Shree Narayan Singh,Anu Malik,125,80000000,2934688
Dil Se Poochh... Kidhar Jaana Hai,Normal,No,No,drama,No,Yes,No,Aditya Shrivastava,Shrirang Dhhavale,Aadesh Shrivastava,10,15000000,210000
Ek Aur Murder,Normal,No,No,adult,Yes,No,No,Affi Khan,Suresh Jain,Shivam Farhaan,2,2000000,1050000
Feel - The Touch,Normal,No,No,adult,No,Yes,Yes,Afsar Khan,Shakeel S. Saifee,C.L. John,2,1500000,475000
1920 - Evil Returns,Holiday,No,Yes,horror,No,Yes,No,Aftab Shivdasani,Bhushan Patel,Chirantan Bhatt,1300,90000000,280400000
Bin Bulaye Baraati,Normal,No,No,comedy,No,No,No,Aftab Shivdasani,Chandrakant Singh,Anand Raj Anand,500,100000000,32400000
Jaane Hoga Kya,Normal,No,No,fantasy,No,Yes,No,Aftab Shivdasani,Glen Barreto,Sajid - Wajid,55,55000000,2850000
Aao Wish Karein,Normal,No,No,drama,No,No,Yes,Aftab Shivdasani,Glen Barreto,Ankur Tewari,70,57500000,1700000
Darwaza Bandh Rakho,Normal,No,No,comedy,No,No,No,Aftab Shivdasani,J.D. Chakravarthi,Nitin Raikwar,175,37500000,23200000
Koi Aap Sa,Holiday,No,No,rom__com,No,Yes,No,Aftab Shivdasani,Partho Mitra,Himesh Reshammiya,125,40000000,22480000
Aloo Chaat,Normal,No,No,comedy,No,No,Yes,Aftab Shivdasani,Robby Grewal,RDB,400,100000000,74680000
Ankahee,Normal,No,No,thriller,No,No,No,Aftab Shivdasani,Vikram Bhatt,Pritam,125,60000000,17630000
Red - The Dark Side,Normal,No,No,thriller,No,No,No,Aftab Shivdasani,Vikram Bhatt,Himesh Reshammiya,275,40000000,55900000
My Friend Ganesha,Normal,No,No,drama,No,No,Yes,Ahsaas Channa,Rajiv S. Ruia,Nirmal - Shekhar,100,22500000,15900000
Umrao Jaan,Holiday,Yes,No,drama,No,No,No,Aishwarya Rai,J.P. Dutta,Anu Malik,500,230000000,195250000
Provoked,Normal,No,No,drama,No,No,No,Aishwarya Rai,Jag Mundhra,A.R. Rehman,90,120000000,132797500
The Mistress Of Spices,Holiday,No,No,drama,No,No,Yes,Aishwarya Rai,Somnath Sen,Mahesh Balraj,50,90000000,34400000
U Me Aur Hum,Holiday,No,No,love_story,No,Yes,No,Ajay Devgn,Ajay Devgn,Vishal Bhardwaj,600,250000000,400200000
Shivaay,Holiday,No,No,thriller,No,No,Yes,Ajay Devgn,Ajay Devgn,Jasleen Royal,2950,1030000000,1241455000
Blackmail,Normal,No,No,thriller,No,No,No,Ajay Devgn,Anil Devgan,Himesh Reshammiya,325,95000000,65872500
Cash,Normal,No,No,thriller,No,No,No,Ajay Devgn,Anubhav Sinha,Vishal - Shekhar,1000,320000000,293005000
Atithi Tum Kab Jaoge?,Normal,No,No,comedy,No,No,No,Ajay Devgn,Ashwini Dhir,Pritam,1050,220000000,433110000
Son Of Sardaar,Holiday,Yes,No,masala,No,No,No,Ajay Devgn,Ashwini Dhir,Himesh Reshammiya,2000,670000000,1351247500
Rascals,Holiday,No,No,comedy,No,No,No,Ajay Devgn,David Dhawan,Vishal - Shekhar,1850,460000000,510181250
Main Aisa Hi Hoon,Holiday,No,No,drama,No,No,No,Ajay Devgn,Harry Baweja,Himesh Reshammiya,250,75000000,51775000
Shikhar,Holiday,No,No,drama,No,No,No,Ajay Devgn,John M. Matthan,Viju Shah,350,140000000,103450000
Insan,Holiday,No,No,action,No,No,No,Ajay Devgn,K. Subhash,Himesh Reshammiya,350,125000000,104100000
Zameer - The Fire Within,Holiday,No,No,thriller,No,Yes,No,Ajay Devgn,Kamal,Jatin - Lalit,55,45000000,15850000
Toonpur Ka Superrhero,Holiday,No,No,fantasy,No,Yes,No,Ajay Devgn,Kireet Khurana,Anu Malik,500,250000000,51046250
Dil Toh Baccha Hai Ji,Normal,No,No,comedy,No,No,No,Ajay Devgn,Madhur Bhandarkar,Pritam,1350,290000000,404600000
Tango Charlie,Holiday,No,No,action,No,No,No,Ajay Devgn,Mani Shankar,Anu Malik,325,135000000,114856250
Once Upon A Time In Mumbaai,Normal,No,No,drama,No,No,No,Ajay Devgn,Milan Luthria,Pritam,1400,350000000,851780000
Baadshaho,Holiday,No,No,action,No,No,No,Ajay Devgn,Milan Luthria,Ankit Tiwari,2850,900000000,1011820000
Drishyam,Normal,Yes,No,thriller,No,No,No,Ajay Devgn,Nishikant Kamat,Vishal Bhardwaj,2250,620000000,1104260000
Action Jackson,Normal,No,No,action,No,No,No,Ajay Devgn,Prabhu Deva,Himesh Reshammiya,3350,930000000,888717500
Apaharan,Normal,No,No,action,No,No,No,Ajay Devgn,Prakash Jha,Aadesh Shrivastava,425,110000000,231650000
Satyagraha,Normal,No,No,drama,No,No,No,Ajay Devgn,Prakash Jha,Salim - Sulaiman,2650,730000000,910075000
Aakrosh,Holiday,No,No,thriller,No,No,No,Ajay Devgn,Priyadarshan,Pritam,1200,380000000,194030000
Tezz,Normal,Yes,No,thriller,No,No,No,Ajay Devgn,Priyadarshan,Sajid - Wajid,1950,520000000,261237500
Halla Bol,Normal,No,No,drama,No,No,No,Ajay Devgn,Rajkumar Santoshi,Sukhwinder Singh,925,270000000,193900000
Golmaal - Fun Unlimited,Normal,No,Yes,comedy,No,No,No,Ajay Devgn,Rohit Shetty,Vishal - Shekhar,600,150000000,467260000
Sunday,Holiday,Yes,No,comedy,No,No,No,Ajay Devgn,Rohit Shetty,Raghav Sachar,900,220000000,319615000
Golmaal Returns,Holiday,No,Yes,comedy,No,No,Yes,Ajay Devgn,Rohit Shetty,Ashish Pandit,1250,350000000,800080000
All The Best - Fun Begins,Holiday,No,No,comedy,No,No,No,Ajay Devgn,Rohit Shetty,Pritam,1300,410000000,617775000
Golmaal 3,Holiday,No,Yes,comedy,No,No,No,Ajay Devgn,Rohit Shetty,Pritam,1750,500000000,1695635000
Singham,Normal,Yes,No,action,No,No,No,Ajay Devgn,Rohit Shetty,Ajay - Atul,2050,410000000,1413035000
Bol Bachchan,Normal,No,No,comedy,No,No,No,Ajay Devgn,Rohit Shetty,Ajay - Atul,2500,660000000,1596640000
Singham Returns,Holiday,No,Yes,action,No,No,No,Ajay Devgn,Rohit Shetty,Honey Singh,3500,1050000000,2165697500
Golmaal Again,Holiday,No,Yes,comedy,No,No,Yes,Ajay Devgn,Rohit Shetty,DJ Chetas,3300,1420000000,3110450000
Himmatwala,Holiday,Yes,No,masala,No,No,No,Ajay Devgn,Sajid Khan,Sajid - Wajid,3150,680000000,657993750
Kaal,Holiday,No,No,thriller,No,Yes,No,Ajay Devgn,Soham Shah,Salim - Sulaiman,450,130000000,331175000
Omkara,Normal,No,No,drama,No,No,No,Ajay Devgn,Vishal Bhardwaj,Vishal Bhardwaj,625,260000000,424120000
Pal Pal Dil Ke Ssaat,Holiday,No,No,drama,No,Yes,Yes,Ajay Jadeja,V.K. Kumar,Abhishek Ray,30,15000000,800000
Boyfriend.com,Normal,No,No,drama,Yes,Yes,Yes,Ajay Kumar,L.N. Masade,Harish Sharma,5,2500000,170000
Jeet Lenge Jahaan,Normal,No,No,drama,Yes,Yes,Yes,Ajay Shukla,Lalit M. Bisht,Raja Pandit,25,15000000,525000
Angry Young Man,Normal,No,No,action,Yes,Yes,No,Ajay Sinh Rathod,Ramesh Rout,Amjad - Nadeem,300,47500000,2325000
Jai Balaji Mehndipur Wale,Normal,No,No,mythological,Yes,Yes,Yes,Ajay Soni,Sanjay Suryavanshi,Mike Mitra,5,1500000,130000
The World Of Fashion,Normal,No,No,drama,Yes,No,No,Ajaz Khan,Sanjay Khandelwal,Vaishnav Deva,5,4000000,215000
Lakeer Ka Fakeer,Normal,No,No,drama,No,Yes,Yes,Ajaz Khan,Zubair Khan,Dilshad,60,12500000,2175000
Calendar Girls,Holiday,No,No,drama,Yes,No,Yes,Akanksha Puri,Madhur Bhandarkar,Amal Malik,850,130000000,81900000
Bloody Isshq,Normal,No,No,thriller,Yes,No,Yes,Akash,Arup Dutta,Ashok Bhadra,250,55000000,5000000
Faraar,Normal,No,No,action,Yes,Yes,No,Akbar Khan,Santosh Gupta,Vaishnav Deva,25,15000000,425000
Alag,Normal,No,No,drama,No,No,No,Akshay Kapoor,Ashu Trikha,Aadesh Shrivastava,60,80000000,5600000
Holiday - A Soldier Is Never Off Duty,Normal,Yes,No,thriller,No,No,No,Akshay Kumar,A.R. Murugadoss,Pritam,3300,860000000,1764220000
The Shaukeens,Normal,Yes,No,comedy,No,No,No,Akshay Kumar,Abhishek Sharma,Honey Singh,1800,410000000,272025000
Welcome,Holiday,No,No,comedy,No,No,No,Akshay Kumar,Anees Bazmee,Sajid - Wajid,1250,480000000,1194975000
Singh Is Kinng,Normal,No,No,masala,No,No,No,Akshay Kumar,Anees Bazmee,Pritam,1400,500000000,1239675000
Thank You,Normal,No,No,comedy,No,No,No,Akshay Kumar,Anees Bazmee,Pritam,1800,610000000,710232500
Blue,Holiday,No,No,action,No,Yes,No,Akshay Kumar,Anthony D'Souza,A.R. Rehman,1500,800000000,639212500
Boss,Holiday,No,No,action,No,No,No,Akshay Kumar,Anthony D'Souza,Meet Bros,2800,700000000,848280000
Khiladi 786,Normal,No,Yes,comedy,No,Yes,No,Akshay Kumar,Ashish R. Mohan,Himesh Reshammiya,2750,630000000,970540000
Bewafaa,Normal,No,No,love_story,No,No,No,Akshay Kumar,Dharmesh Darshan,Nadeem - Shravan,450,180000000,331830000
Tees Maar Khan,Holiday,No,No,comedy,No,No,No,Akshay Kumar,Farah Khan,Vishal - Shekhar,2200,450000000,995145000
Entertainment,Holiday,No,No,comedy,No,Yes,No,Akshay Kumar,Farhad - Sajid,Sachin - Jigar,2850,810000000,1033030000
Housefull 3,Normal,No,Yes,comedy,No,No,No,Akshay Kumar,Farhad - Sajid,Mika Singh,3650,970000000,1949350000
Brothers,Holiday,Yes,No,action,No,No,No,Akshay Kumar,Karan Malhotra,Ajay - Atul,3400,1120000000,1230950000
Jumbo,Holiday,No,No,animation,No,Yes,No,Akshay Kumar,Kompin Kemgumnird,Ram Sampath,250,210000000,34700000
Gabbar Is Back,Holiday,Yes,No,action,No,Yes,No,Akshay Kumar,Krish,Chirantan Bhatt,3100,790000000,1358120000
Once Upon A Time In Mumbaai Dobaara!,Holiday,No,Yes,action,No,No,No,Akshay Kumar,Milan Luthria,Pritam,2300,1000000000,917100000
8 x 10 Tasveer,Holiday,No,No,thriller,No,No,No,Akshay Kumar,Nagesh Kukunoor,Salim - Sulaiman,825,350000000,235800000
Special 26,Normal,No,No,thriller,No,No,No,Akshay Kumar,Neeraj Pandey,M.M. Kreem,1600,500000000,1036240000
Baby,Holiday,No,No,thriller,No,No,No,Akshay Kumar,Neeraj Pandey,Meet Bros,2450,750000000,1248440000
Phir Hera Pheri,Normal,No,Yes,comedy,No,No,No,Akshay Kumar,Neeraj Vora,Himesh Reshammiya,575,180000000,691200000
Chandni Chowk To China,Normal,No,No,action,No,No,No,Akshay Kumar,Nikhil Advani,Shankar - Ehsaan - Loy,1400,620000000,562262500
Patiala House,Holiday,No,No,drama,No,No,No,Akshay Kumar,Nikhil Advani,Shankar - Ehsaan - Loy,1550,500000000,560405000
Rowdy Rathore,Holiday,Yes,No,action,No,No,No,Akshay Kumar,Prabhu Deva,Sajid - Wajid,2800,770000000,1984775000
Singh Is Bling,Holiday,No,No,masala,No,No,No,Akshay Kumar,Prabhu Deva,Sajid - Wajid,3100,910000000,1253850000
Garam Masala,Holiday,Yes,No,comedy,No,No,No,Akshay Kumar,Priyadarshan,Pritam,550,170000000,546517500
Bhagam Bhag,Holiday,No,No,comedy,No,No,No,Akshay Kumar,Priyadarshan,Pritam,750,320000000,678252500
Bhool Bhulaiyaa,Holiday,Yes,No,comedy,No,No,No,Akshay Kumar,Priyadarshan,Pritam,1050,320000000,828377500
De Dana Dan,Holiday,No,No,comedy,No,No,No,Akshay Kumar,Priyadarshan,Pritam,1550,600000000,818520000
Khatta Meetha,Normal,Yes,No,comedy,No,No,No,Akshay Kumar,Priyadarshan,Pritam,1450,350000000,627920000
Humko Deewana Kar Gaye,Holiday,No,No,love_story,No,No,No,Akshay Kumar,Raj Kanwar,Anu Malik,475,170000000,273650000
Family - Ties of Blood,Holiday,Yes,No,action,No,No,No,Akshay Kumar,Rajkumar Santoshi,Ram Sampath,525,250000000,145952500
Desi Boyz,Normal,No,No,drama,No,Yes,No,Akshay Kumar,Rohit Dhawan,Pritam,2100,540000000,804360000
Kambakkht Ishq,Normal,No,No,rom__com,No,Yes,No,Akshay Kumar,Sabbir Khan,Anu Malik,1500,650000000,855630000
Heyy Babyy,Holiday,Yes,No,comedy,No,Yes,No,Akshay Kumar,Sajid Khan,Shankar - Ehsaan - Loy,1000,360000000,839390000
Housefull,Holiday,No,No,comedy,No,No,No,Akshay Kumar,Sajid Khan,Shankar - Ehsaan - Loy,1700,470000000,1163035000
Housefull 2,Holiday,No,Yes,comedy,No,No,No,Akshay Kumar,Sajid Khan,Sajid - Wajid,2650,720000000,1884050000
Jaan-E-Mann,Holiday,No,No,love_story,No,Yes,No,Akshay Kumar,Shirish Kunder,Anu Malik,700,350000000,462680000
Joker,Normal,No,No,fantasy,No,No,Yes,Akshay Kumar,Shirish Kunder,G.V. Prakash Kumar,1950,470000000,321087500
Toilet Ek Prem Katha,Normal,No,No,drama,No,No,Yes,Akshay Kumar,Shree Narayan Singh,Vickey Prasad,2950,750000000,2000800000
Jolly LLB 2,Holiday,No,Yes,comedy,No,No,Yes,Akshay Kumar,Subhash Kapoor,Manj Musik,3300,830000000,1827342500
Dosti - Friends Forever,Holiday,No,No,love_story,No,No,No,Akshay Kumar,Suneel Darshan,Nadeem - Shravan,400,150000000,230727500
Mere Jeevan Saathi,Normal,No,No,love_story,No,No,No,Akshay Kumar,Suneel Darshan,Nadeem - Shravan,250,110000000,78207500
OMG! Oh My God,Normal,Yes,No,comedy,No,No,No,Akshay Kumar,Umesh Shukla,Meet Bros,1200,250000000,1215775000
Tashan,Normal,No,No,action,No,Yes,No,Akshay Kumar,Vijay Krishna Acharya,Vishal - Shekhar,950,310000000,516200000
Deewane Huye Paagal,Normal,No,No,comedy,No,No,No,Akshay Kumar,Vikram Bhatt,Anu Malik,500,200000000,265825000
Waqt - The Race Against Time,Holiday,No,No,drama,No,No,No,Akshay Kumar,Vipul Amrutlal Shah,Anu Malik,400,160000000,424862500
Namastey London,Normal,No,No,love_story,No,No,No,Akshay Kumar,Vipul Amrutlal Shah,Himesh Reshammiya,775,310000000,714102500
Action Replayy,Holiday,No,No,comedy,No,No,No,Akshay Kumar,Vipul Amrutlal Shah,Pritam,1500,510000000,462943750
Pizza,Normal,No,No,suspense,No,Yes,No,Akshay Oberoi,Akshay Akkineni,Shamir Tandon,600,100000000,44800000
Isi Life Mein...!,Holiday,No,No,love_story,Yes,Yes,Yes,Akshay Oberoi,Vidhi Kasliwal,Manmeet Singh,250,85000000,13900000
36 China Town,Holiday,Yes,No,suspense,No,No,No,Akshaye Khanna,Abbas - Mustan,Himesh Reshammiya,450,190000000,379200000
Naqaab,Holiday,No,No,thriller,No,No,No,Akshaye Khanna,Abbas - Mustan,Pritam,825,190000000,212037500
Dahek,Normal,No,No,drama,No,Yes,Yes,Akshaye Khanna,Aroop Adhikari,Debjit Bera,5,10000000,160000
Aap Ki Khatir,Holiday,No,No,love_story,No,No,No,Akshaye Khanna,Dharmesh Darshan,Himesh Reshammiya,350,160000000,132380000
Gandhi My Father,Normal,No,No,drama,No,Yes,No,Akshaye Khanna,Feroz Abbas Khan,Piyush Kanojia,180,80000000,74970000
Short Kut - The Con Is On,Normal,Yes,No,comedy,No,No,No,Akshaye Khanna,Neeraj Vora,Shankar - Ehsaan - Loy,775,240000000,133875000
Mere Baap Pehle Aap,Normal,Yes,No,comedy,No,No,No,Akshaye Khanna,Priyadarshan,Vidyasagar,800,200000000,362380000
Shaadi Se Pehle,Normal,No,No,rom__com,No,No,No,Akshaye Khanna,Satish Kaushik,Himesh Reshammiya,350,110000000,168865000
Vatsayanana Kamasutra - 2,Normal,No,Yes,adult,Yes,No,No,Akshita,Sanjay Khandelwal,Baba Jagirdar,20,10000000,2900000
Mr. Majnu,Normal,No,No,love_story,Yes,Yes,Yes,Aksshat,Geeta Tomar,Benson Baby,15,7500000,140000
Romeo Bola Pyar Ki Aisi Ki Taisi,Normal,No,No,comedy,Yes,Yes,Yes,Al Amin,Akram Khan,Sahil Patil,1,2000000,140000
Sonali Cable,Normal,No,No,drama,No,Yes,No,Ali Fazal,Charudutt Acharya,Daniel B. George,525,77500000,11100000
Khamoshiyan,Normal,No,No,horror,No,Yes,Yes,Ali Fazal,Karan Darra,Naveed Zafar,1500,120000000,134180000
Always Kabhi Kabhi,Normal,No,No,drama,Yes,Yes,No,Ali Fazal,Roshan Abbas,Pritam,450,110000000,41800000
Baat Ban Gayi,Holiday,No,No,comedy,No,Yes,No,Ali Fazal,Shuja Ali,Harpreet,225,35000000,2450000
Tere Bin Laden,Normal,No,No,comedy,Yes,Yes,No,Ali Zafar,Abhishek Sharma,Shankar - Ehsaan - Loy,375,95000000,114310000
London Paris New York,Normal,No,No,love_story,No,Yes,Yes,Ali Zafar,Anu Menon,Ali Zafar,550,105000000,111517500
Chasme Baddoor,Normal,No,No,comedy,No,No,No,Ali Zafar,David Dhawan,Sajid - Wajid,1500,200000000,628043750
Total Siyaapa,Normal,No,No,rom__com,No,No,No,Ali Zafar,E. Niwas,Ali Zafar,850,170000000,131490000
Dear Zindagi,Normal,No,No,drama,No,No,Yes,Alia Bhatt,Gauri Shinde,Amit Trivedi,1150,460000000,1389137500
Kkamjori - The Weakness,Holiday,No,No,drama,Yes,No,No,Alia Shah,Sandeep Bhat,Bappi Lahiri,1,2500000,1375000
Karma: Crime. Passion. Reincarnation,Normal,No,No,thriller,Yes,Yes,Yes,Alma Grey,M.R. Shahjahan,Sunna Wehrmeijer,45,25000000,1075000
Ek Baar Dhol Bajao Na,Holiday,No,No,adult,Yes,Yes,Yes,Amaan Khan,Shashi Shekhar,Tasawar Azmi,1,1500000,375000
Kamsin - The Untouched,Holiday,No,No,adult,No,No,No,Aman Sagar,Amit Suryavanshi,Amar - Akbar,1,1250000,325000
Aakhari Decision,Holiday,No,No,action,Yes,Yes,Yes,Amar Sidhu,Deepak Kumar Bandhu,Hanif Sheikh,25,40000000,625000
Iqraar By Chance,Holiday,No,No,love_story,Yes,No,No,Amarjeet,K. Ravi Shankar,Sandesh Shandilya,50,27500000,2050000
Runway,Normal,No,No,thriller,No,No,No,Amarjeet,Sunil Tiwari,Shamir Tandon,80,32500000,4250000
Me Mamu & 7,Normal,No,No,comedy,Yes,Yes,Yes,Amit Hotchandani,Amit Chauhan,Chander Makwana,15,10000000,400000
Hot Maliaka,Holiday,No,No,adult,No,No,Yes,Amit Kapoor,Arjun Raj,Tapan,1,1500000,775000
Garam Saansein,Holiday,No,No,adult,No,Yes,Yes,Amit Kapoor,Babu,Tarun,1,1000000,850000
Bach Ke Zaraa,Normal,No,No,adult,No,Yes,No,Amit Kapoor,Salim Raza,Sayyed Ahmed,15,2000000,1175000
Kaam Milan,Holiday,No,No,adult,No,No,Yes,Amit Pachori,Chandini Gupta,Avi Raaj,1,1500000,825000
Agni Prem,Holiday,No,No,adult,No,No,No,Amit Pachori,Chandini Gupta,Pravin Kumar,2,1500000,1300000
Aalaap,Normal,No,No,drama,Yes,Yes,No,Amit Purohit,Manish Manikpuri,Agnee,65,25000000,1700000
Miss Anara,Normal,No,No,drama,Yes,No,No,Amit Rao,Yogesh Bharadwaj,Mani Shankar,45,8000000,6700000
332 Mumbai to India,Holiday,No,No,thriller,Yes,Yes,No,Amit Riyaan,Mahesh Pandey,Shamir Tandon,80,22500000,1175000
Running Shaadi,Holiday,No,No,rom__com,No,Yes,Yes,Amit Sadh,Amit Roy,Abhishek - Akshay,650,85000000,13400000
Ek Gumrah,Normal,No,No,thriller,Yes,Yes,No,Amit Sharma,Manjul Kapoor,Jayant Aaryan,1,2000000,450000
1971,Normal,No,No,drama,No,Yes,Yes,Amitabh Bachchan,Amrit Sagar,Akash Chopra,85,55000000,4550000
Pink,Normal,No,No,drama,No,Yes,No,Amitabh Bachchan,Aniruddha Roy Chowdhury,Anupam Roy,1000,290000000,1093780000
Yaar Meri Zindagi,Holiday,No,No,drama,No,Yes,No,Amitabh Bachchan,Ashok Gupta,R.D. Burman,2,2500000,72000
Teen Patti,Holiday,No,No,thriller,No,No,No,Amitabh Bachchan,Leena Yadav,Salim - Sulaiman,575,180000000,76300000
Viruddh... Family Comes First,Normal,No,No,drama,No,No,No,Amitabh Bachchan,Mahesh Manjrekar,Ajay - Atul,260,90000000,185125000
Bhoothnath Returns,Holiday,No,Yes,drama,No,No,No,Amitabh Bachchan,Nitish Tiwari,Honey Singh,1500,360000000,510870000
Bbuddah Hoga Terra Baap,Holiday,No,No,action,No,No,No,Amitabh Bachchan,Puri Jagannadh,Vishal - Shekhar,1000,210000000,245260000
Cheeni Kum,Normal,No,No,rom__com,No,Yes,No,Amitabh Bachchan,R. Balki,Ilaiyaraja,250,110000000,322200000
Paa,Normal,No,No,drama,No,No,No,Amitabh Bachchan,R. Balki,Ilaiyaraja,600,210000000,489325000
Shamitabh,Normal,No,No,drama,No,No,No,Amitabh Bachchan,R. Balki,Ilaiyaraja,1600,490000000,371275000
Sarkar,Normal,No,No,drama,No,No,No,Amitabh Bachchan,Ram Gopal Verma,Bappi - Tutal,425,140000000,393047500
Nishabd,Holiday,No,No,drama,No,No,No,Amitabh Bachchan,Ram Gopal Verma,Vishal Bhardwaj,400,85000000,117120000
Ram Gopal Varma Ki Aag,Normal,Yes,No,action,No,No,Yes,Amitabh Bachchan,Ram Gopal Verma,Prasanna Shekhar,875,210000000,127300000
Sarkar Raj,Normal,No,Yes,action,No,No,No,Amitabh Bachchan,Ram Gopal Verma,Bappi - Tutal,1100,270000000,595535000
Sarkar 3,Normal,No,Yes,action,No,No,Yes,Amitabh Bachchan,Ram Gopal Verma,Ram Shankar,1450,360000000,205380000
The Last Lear,Normal,No,No,drama,No,No,Yes,Amitabh Bachchan,Rituparno Ghosh,Sanjoy Das,100,110000000,14600000
Dil Jo Bhi Kahey,Normal,No,No,love_story,No,Yes,No,Amitabh Bachchan,Romesh Sharma,Shankar - Ehsaan - Loy,150,62500000,39820000
Black,Normal,No,No,drama,No,No,No,Amitabh Bachchan,Sanjay Leela Bhansali,Monty Sharma,235,230000000,409370000
Piku - Motion Se Hi Emotion,Holiday,No,No,drama,No,No,Yes,Amitabh Bachchan,Shoojit Sircar,Anupam Roy,1300,420000000,1412650000
Eklavya - The Royal Guard,Holiday,No,No,thriller,No,No,No,Amitabh Bachchan,Vidhu Vinod Chopra,Shantanu Moitra,750,300000000,388280000
Bhoothnath,Normal,No,No,drama,No,Yes,No,Amitabh Bachchan,Vivek Sharma,Salim - Sulaiman,625,200000000,387900000
Jo Dooba So Paar,Normal,No,No,comedy,Yes,Yes,No,Anand Tiwari,Praveen Kumar,Manish Tipu,200,60000000,3450000
Staying Alive,Holiday,No,No,drama,Yes,No,No,Anant Mahadevan,Anant Mahadevan,Sanjoy Chowdhary,20,12500000,145000
Ghazab Nagariya,Normal,No,No,drama,No,Yes,No,Ananya Khare,Arvind Ranjan Das,Ram Shankar,10,6000000,215000
C D Kaand,Holiday,No,No,adult,No,Yes,No,Anara Gupta,Imtiaz Patel,Iqbal Darbar,15,3000000,5400000
Happy Husbands,Normal,No,No,comedy,Yes,Yes,Yes,Anay,Anay,Anay,175,30000000,5400000
No Entry,Holiday,No,No,comedy,No,No,No,Anil Kapoor,Anees Bazmee,Anu Malik,600,240000000,741350000
No Problem,Normal,No,No,comedy,No,No,No,Anil Kapoor,Anees Bazmee,Pritam,1350,400000000,450750000
My Wife's Murder,Holiday,No,No,thriller,No,Yes,No,Anil Kapoor,Jijy Philip,Amar Mohile,100,47500000,30822500
Black & White,Normal,No,No,drama,No,No,No,Anil Kapoor,Subhash Ghai,Sukhwinder Singh,350,90000000,82715000
Mere Haule Dost,Normal,No,No,comedy,Yes,Yes,Yes,Anirudh Loka,Nitin Raghunath,Divyang Arora,10,7500000,200000
Om Dar-B-Dar,Normal,No,No,drama,Yes,Yes,No,Anita Kanwal,Kamal Swaroop,Rajat Dholakia,10,1500000,325000
Admission Open,Normal,No,No,drama,No,Yes,No,Ankur Khanna,K.D. Satyam,Amit Trivedi,90,30000000,1000000
City Of Gold - Mumbai 1982: Ek Ankahi Kahani,Normal,No,No,drama,Yes,No,Yes,Ankush Choudhary,Mahesh Manjrekar,Ajit Parab,275,52500000,12200000
Kahani Ek Sangharsh Ki,Normal,No,No,drama,Yes,Yes,Yes,Anmol Singh,Nitin Mathur,Sajid Salam,1,2000000,125000
Yeh Hai Bakrapur,Holiday,No,No,comedy,No,Yes,No,Anshuman Jha,Janaki Vishwanathan,Agnee,200,50000000,2250000
Mr Ya Miss,Normal,No,No,comedy,No,Yes,No,Antara Mali,Antara Mali,Nitin Raikwar,175,47500000,45350000
Miss Tanakpur Haazir Ho,Normal,No,No,drama,Yes,Yes,Yes,Anu Kapoor,Vinod Kapri,Sushmit Sen,450,60000000,15400000
Yeshu Palanhar,Holiday,No,No,drama,No,Yes,No,Anu Kashyap,Baldev Paal,Ram Shankar,5,2500000,100000
Perfect Mismatch,Normal,No,No,love_story,Yes,Yes,Yes,Anubhav Anand,Ajmal Zaheer Ahmad,Josh,35,27500000,1000000
Resham Dunkkk,Normal,No,No,action,Yes,Yes,Yes,Anuj Mishra,Shyamlal K. Mishra,Shiv Prakash Mishra,2,2500000,115000
Chhutanki,Normal,No,No,fantasy,Yes,No,Yes,Anuj Pandit,Pankaj Sharma,Sanjay Dhakan,10,17500000,150000
3 Nights 4 Days,Normal,No,No,drama,No,Yes,No,Anuj Sawhney,Devang Dholakia,Daboo Malik,15,10000000,142500
Chase,Holiday,No,No,action,No,No,Yes,Anuj Saxena,Jag Mundhra,Udhav Ohja,175,4250000,5000000
Paranthe Wali Gali,Normal,No,No,love_story,No,Yes,Yes,Anuj Saxena,Sachin Gupta,Vikram Khajuria,75,15000000,900000
Morning Walk,Normal,No,No,drama,No,Yes,No,Anupam Kher,Arup Dutta,Jeet Ganguly,100,27500000,5700000
Khosla Ka Ghosla,Normal,No,No,comedy,No,Yes,No,Anupam Kher,Dibakar Banerjee,Bappi - Tutal,125,37500000,66773750
Maine Gandhi Ko Nahin Mara,Holiday,No,No,drama,No,Yes,No,Anupam Kher,Jahnu Barua,Bappa Lahiri,70,22500000,10262000
Mr. Bhatti On Chutti,Normal,No,No,comedy,No,No,No,Anupam Kher,Karan Razdan,Channi Singh,20,70000000,365000
Yeh Mera India,Normal,No,No,drama,No,No,No,Anupam Kher,N. Chandra,Siddharth - Suhas,150,35000000,5700000
Ekkees Toppon Ki Salaami,Holiday,No,No,drama,No,Yes,No,Anupam Kher,Ravindra Gautam,Ram Sampath,450,75000000,19100000
American Blend,Holiday,No,No,drama,No,Yes,Yes,Anupam Kher,Varun Khanna,Abu Malik,12,32500000,325000
Sai Yatraa - A Religious Love Story,Holiday,No,No,love_story,Yes,Yes,Yes,Apurv Ratan,Deepak Goswami,Sushil Dalai,1,7500000,65000
Retake,Normal,No,No,adult,Yes,No,No,Arayan Singh,Ravi Sinha,Babu Kishen,10,5000000,2500000
Prem Kaa Game,Normal,No,No,comedy,No,Yes,No,Arbaaz Khan,Ashok Kheny,Raju Singh,125,30000000,1775000
Kisaan,Normal,No,No,drama,No,No,No,Arbaaz Khan,Puneet Sira,Daboo Malik,525,150000000,27600000
Tera Intezaar,Holiday,No,No,love_story,No,Yes,Yes,Arbaaz Khan,Rajeev Walia,Raaj Aashoo,1050,110000000,23900000
Dee Saturday Night,Holiday,No,No,drama,No,No,No,Arif Zakaria,Jay Prakash,Shamir Tandon,175,20000000,2000000
Chalo Picnic Manayen,Normal,No,No,suspense,Yes,Yes,Yes,Arjun Chakraborty,Raaj Mukherjee,Shubayu,25,2500000,400000
I'm In Love,Normal,No,No,drama,Yes,Yes,No,Arjun Gaur,B.M. Mirza,Daboo Malik,4,15000000,155000
2 States,Holiday,No,No,love_story,No,Yes,No,Arjun Kapoor,Abhishek Varman,Shankar - Ehsaan - Loy,1900,450000000,1729900000
Tevar,Normal,Yes,No,masala,No,Yes,Yes,Arjun Kapoor,Amit Ravindernath Sharma,Imraan Khan,2850,540000000,565125000
Mubarakan,Normal,No,No,comedy,No,No,No,Arjun Kapoor,Anees Bazmee,Rishi Rich,2300,650000000,899330000
Aurangzeb,Normal,No,No,drama,No,Yes,Yes,Arjun Kapoor,Atul Sabharwal,Amartya Rahut,1200,220000000,350252500
Ishaqzaade,Normal,No,No,love_story,Yes,No,No,Arjun Kapoor,Habib Faisal,Amit Trivedi,1100,190000000,630500000
Half Girlfriend,Normal,No,No,love_story,No,No,No,Arjun Kapoor,Mohit Suri,Rishi Rich,2400,580000000,864755000
Time Pass,Normal,No,No,comedy,No,Yes,No,Arjun Punj,Chander Mishra,Sunil Jha,45,12500000,5300000
Ek Ajnabee,Normal,Yes,No,action,No,No,No,Arjun Rampal,Apoorva Lakhia,Amar Mohile,325,120000000,123040000
Daddy,Normal,No,No,drama,No,Yes,No,Arjun Rampal,Ashim Ahluwalia,Sajid - Wajid,1150,210000000,154790000
D Day,Normal,No,No,thriller,No,No,No,Arjun Rampal,Nikhil Advani,Shankar - Ehsaan - Loy,1250,280000000,288982500
Chakravyuh,Holiday,No,No,drama,No,No,No,Arjun Rampal,Prakash Jha,Salim - Sulaiman,1200,300000000,257700000
Vaada,Normal,Yes,No,thriller,No,No,No,Arjun Rampal,Satish Kaushik,Himesh Reshammiya,285,80000000,95300000
Inkaar,Holiday,No,No,drama,No,No,No,Arjun Rampal,Sudhir Mishra,Shantanu Moitra,800,140000000,149350000
Elaan,Holiday,No,No,action,No,No,No,Arjun Rampal,Vikram Bhatt,Anu Malik,375,150000000,129397500
I See You,Holiday,No,No,drama,No,Yes,No,Arjun Rampal,Vivek Agrawal,Vishal - Shekhar,125,80000000,19233750
Lekar Hum Deewana Dil,Normal,No,No,rom__com,Yes,Yes,No,Armaan Jain,Arif Ali,A.R. Rehman,875,28200000,45360000
Yeh Figure Hai,Holiday,No,No,adult,Yes,Yes,Yes,Arman,Vinod Rikhhi,Gurnam Singh Mann,1,1250000,600000
Bin Phere Free Me Ttere,Normal,No,No,comedy,Yes,No,No,Arsh Deol,Manoj Sharma,Vishnu Narayan,30,15000000,825000
Kisse Pyaar Karoon,Normal,No,No,comedy,No,No,No,Arshad Warsi,Ajay Chandhok,Daboo Malik,275,72500000,10700000
Rabba Main Kya Karoon,Holiday,No,No,comedy,No,No,Yes,Arshad Warsi,Amrit Sagar,Labh Junjua,400,110000000,14400000
Welcome 2 Karachi,Normal,No,No,comedy,No,No,No,Arshad Warsi,Ashish R. Mohan,Rochak Kohli,1350,290000000,135362500
Krazzy 4,Holiday,No,No,comedy,No,Yes,No,Arshad Warsi,Jaideep Sen,Rajesh Roshan,800,180000000,322780000
Sehar,Normal,No,No,drama,No,Yes,Yes,Arshad Warsi,Kabeer Kaushik,Daniel B. George,60,40000000,20400000
Hum Tum Aur Ghost,Normal,No,No,fantasy,No,No,No,Arshad Warsi,Kabeer Kaushik,Shankar - Ehsaan - Loy,450,210000000,80100000
Anthony Kaun Hai?,Normal,No,No,comedy,No,No,No,Arshad Warsi,Raj Kaushal,Himesh Reshammiya,300,130000000,97960000
Kuchh Meetha Ho Jaye,Holiday,No,No,rom__com,No,Yes,No,Arshad Warsi,Samar Khan,Himesh Reshammiya,90,40000000,16662500
Mr. Joe B. Carvalho,Normal,No,No,comedy,No,Yes,No,Arshad Warsi,Samir Tewari,Amartya Rahut,1050,170000000,38300000
Jolly LLB,Normal,No,No,comedy,No,No,No,Arshad Warsi,Subhash Kapoor,Krsna,875,135000000,432900000
Guddu Rangeela,Normal,No,No,drama,No,No,No,Arshad Warsi,Subhash Kapoor,Amit Trivedi,975,200000000,96025000
Ek Se Bure Do,Holiday,No,No,comedy,No,Yes,No,Arshad Warsi,Tarique Khan,Ravi Pawar,100,60000000,10300000
Mirch,Holiday,No,No,comedy,Yes,No,No,Arunoday Singh,Vinay Shukla,Monty Sharma,150,37500000,12600000
Charitraheen - Ek Naari Ki Vyatha,Holiday,No,No,adult,No,No,No,Arvindo,Teerat Singh Johar,Bobby Rehman,2,1500000,825000
Paapi - Ek Satya Katha,Holiday,No,No,drama,No,No,No,Arya Babbar,Aziz Sejawal,Anand - Milind,200,15000000,1875000
Raftaar - An Obsession,Normal,No,No,thriller,Yes,Yes,No,Aryan Singh,Vickey S. Kumar,Nitin Raikwar,12,15000000,275000
Aisa Kyon Hota Hai,Holiday,No,No,drama,No,Yes,Yes,Aryan Vaid,Ajay Kanchan,Tauseef Akhtar,20,10000000,600000
Mr. 100% - The Real Player,Normal,No,No,drama,No,Yes,Yes,Aryan Vaid,Om Prakash Makkar,Vijay Kapoor,25,22500000,4400000
Ghutan,Normal,No,No,horror,No,No,Yes,Aryan Vaid,Shyam Ramsay,Vishwanath Dixit,10,10000000,3300000
Good Luck,Normal,No,No,rom__com,No,No,No,Aryeman Ramsay,Aaditya Datt,Anu Malik,25,20000000,525000
It's Rocking Dard-E-Disco,Holiday,No,No,comedy,No,No,No,Aryeman Ramsay,Ashok Tyagi,Bappi Lahiri,85,25000000,1650000
Ek Aadat,Normal,No,No,drama,No,No,No,Aryeman Ramsay,Prakash Saini,Nishad Vaidya,40,12500000,850000
Kyun Hua Achanak,Holiday,No,No,suspense,Yes,Yes,No,Aseem Ali Khan,Rajendra Shiv,Rajendra Shiv,40,10000000,325000
Mai,Normal,No,No,drama,Yes,Yes,Yes,Asha Bhonsle,Mahesh Kodiyal,Nithin R. Shankar,65,20000000,1050000
Mumbai Can Dance Saalaa,Holiday,No,No,thriller,Yes,Yes,Yes,Ashima Sharma,S. Sachindra,Naresh Karwala,600,35000000,3100000
"With Love, Delhi!",Normal,No,No,suspense,Yes,Yes,No,Ashish Lal,Nikhil Singh,Sanjoy Chowdhary,10,12500000,110000
Nazar,Holiday,No,No,thriller,No,Yes,No,Ashmit Patel,Soni Razdan,Anu Malik,175,37500000,42379500
Saanwariya - Khatu Shyamji Ki Amar Gaatha,Holiday,No,No,drama,No,No,No,Ashmit Patel,Vinod Chhabra,Durga - Natraj,25,9000000,1100000
Love In Bombay,Holiday,No,No,love_story,No,Yes,Yes,Ashok Kumar,Joy Mukherjee,Shankar - Jaikishen,20,6000000,225000
College Campus,Normal,No,No,drama,Yes,Yes,Yes,Ashraf Khan,Atul Sriva,Atul Sriva,100,15000000,1900000
Vidhata Tere Khel Hain Nirale,Normal,No,No,drama,Yes,Yes,Yes,Ashrita Agarwaal,Sanjay Sharan,Madhumay,10,17500000,475000
Coffee House,Holiday,No,No,drama,No,Yes,No,Ashutosh Rana,Gurbir S. Grewal,Jaidev Kumar,45,20000000,1125000
Shabnam Mousi,Holiday,No,No,drama,No,No,Yes,Ashutosh Rana,Yogesh Bharadwaj,Mani Shankar,30,15000000,2275000
Dhadkanein,Holiday,No,No,love_story,No,No,No,Attin Bhalla,Imran Khalid,Anand - Milind,15,15000000,1550000
Gauri The Unborn,Normal,No,No,horror,No,Yes,No,Atul Kulkarni,Abu Akbar,Raju Singh,80,27500000,5600000
Manasarovar,Holiday,No,No,drama,No,Yes,Yes,Atul Kulkarni,Anup Kurian,Lisa Stanislawski,5,2500000,145000
Aagaah - The Warning,Normal,No,No,horror,No,No,No,Atul Kulkarni,Karan Razdan,Sachin Gupta,150,30000000,4000000
Bumm Bumm Bole,Normal,No,No,drama,No,No,Yes,Atul Kulkarni,Priyadarshan,M.G. Sreekumar,325,70000000,13400000
Baba Ramsaa Peer,Normal,No,No,drama,No,Yes,Yes,Aushim Khetarpal,Bhabani Prasad,Surinder Bachan,15,5000000,300000
Zindagi Jalebi,Holiday,No,No,comedy,Yes,Yes,Yes,Avinash Bhargava,Karan Kashyyap,Pravin More,3,2500000,175000
Ada....A Way of life,Holiday,No,No,drama,Yes,Yes,No,Ayaan Ahmad,Tanvir Ahmad,A.R. Rehman,15,12500000,165000
Dor,Normal,Yes,No,drama,No,No,No,Ayesha Takia,Nagesh Kukunoor,Salim - Sulaiman,100,30000000,38100000
Mod,Normal,No,No,love_story,No,No,No,Ayesha Takia,Nagesh Kukunoor,Tapas Relia,225,55000000,6325000
Sarfaroshi - A War Against System,Normal,No,No,thriller,No,Yes,No,Ayub Khan,Bhagirathi Swain,Vaishnav Deva,75,15000000,1200000
Meri Pyaari Bindu,Normal,No,No,rom__com,No,Yes,No,Ayushman Khurana,Akshay Roy,Sachin - Jigar,750,220000000,177910000
Bareilly Ki Barfi,Normal,No,No,rom__com,No,No,Yes,Ayushman Khurana,Ashwiny Iyer Tiwari,Samira Koppikar,1000,200000000,548960000
Bewakoofiyaan,Holiday,No,No,rom__com,No,No,No,Ayushman Khurana,Nupur Asthana,Raghu Dixit,1100,220000000,222060000
Shubh Mangal Saavdhan,Holiday,Yes,No,comedy,No,Yes,No,Ayushman Khurana,R.S. Prasanna,Vayu,1300,250000000,640220000
Nautanki Saala,Holiday,No,No,comedy,No,No,Yes,Ayushman Khurana,Rohan Sippy,Mikey McCleary,925,160000000,329322500
Dum Laga Ke Haisha,Normal,No,No,comedy,No,No,No,Ayushman Khurana,Sharat Katariya,Anu Malik,775,140000000,414537500
Vicky Donor,Normal,No,No,comedy,Yes,No,Yes,Ayushman Khurana,Shoojit Sircar,Rochak Kohli,575,100000000,613200000
Hawaizaada,Normal,No,No,drama,No,Yes,No,Ayushman Khurana,Vibhu Puri,Mangesh Dhakde,900,340000000,55900000
Qasam Se Qasam Se,Normal,No,No,love_story,Yes,Yes,Yes,Azim,Ashfaque Makrani,Shailendra - Sayanti,100,20000000,3050000
Main Aur Mr. Riight,Normal,No,No,rom__com,Yes,Yes,Yes,Barun Sobti,Adeeb Rais,Ravi Shukla,300,42500000,3900000
Janani,Normal,No,No,drama,No,Yes,Yes,Bhagyashree,Chander Behl,Nirmal Pawar,15,15000000,300000
Wife Hai To Life Hai,Holiday,No,No,comedy,Yes,Yes,No,Bharat,Manish Shrivastava,Durga - Natraj,5,7500000,300000
Cigarette Ki Tarah,Normal,No,No,thriller,Yes,Yes,Yes,Bhoop Yaduvanshi,Akashaditya Lama,Kavita Seth,225,60000000,5900000
Aatma,Normal,No,No,horror,No,No,No,Bipasha Basu,Deepak Ramsay,Anu Malik,70,25000000,9400000
Corporate,Normal,No,No,drama,No,No,No,Bipasha Basu,Madhur Bhandarkar,Shamir Tandon,250,67500000,150560000
Chehraa,Holiday,No,No,thriller,No,No,No,Bipasha Basu,Saurabh Shukla,Anu Malik,50,40000000,6200000
Pankh,Holiday,No,No,drama,No,Yes,No,Bipasha Basu,Sudipto Chattopadhyay,Raju Singh,125,55000000,2025000
Creature 3D,Normal,No,Yes,horror,No,No,Yes,Bipasha Basu,Vikram Bhatt,Tony Kakkar,1300,250000000,206350000
Yaad Rakhenge Aap,Normal,No,No,drama,Yes,No,No,Biswaroop Roy Chowdhary,Rana Jaiswal,Manjit Arora,1,1500000,325000
Humko Tumse Pyaar Hai,Holiday,No,No,love_story,No,No,No,Bobby Deol,Bunty Soorma,Anand Raj Anand,140,75000000,43280000
Chamku,Normal,No,No,action,No,No,No,Bobby Deol,Kabeer Kaushik,Monty Sharma,425,100000000,30967500
Help,Holiday,No,No,horror,No,No,No,Bobby Deol,Rajeev Virani,Gourov Dasgupta,575,80000000,30900000
Nanhe Jaisalmer,Holiday,No,No,drama,No,No,No,Bobby Deol,Samir Karnik,Himesh Reshammiya,125,55000000,6996000
Vaada Raha...,Normal,No,No,drama,No,No,No,Bobby Deol,Samir Karnik,Babbu Mann,275,60000000,11000000
Ek - The Power Of One,Holiday,No,No,action,No,No,No,Bobby Deol,Sangeeth Sivan,Pritam,650,210000000,91500000
Barsaat,Holiday,No,No,love_story,No,No,No,Bobby Deol,Suneel Darshan,Nadeem - Shravan,375,100000000,195600000
Shaka Laka Boom Boom,Holiday,No,No,drama,No,No,No,Bobby Deol,Suneel Darshan,Himesh Reshammiya,425,115000000,95900000
Jurm,Holiday,No,No,thriller,No,No,No,Bobby Deol,Vikram Bhatt,Anu Malik,275,90000000,61400000
London Calling,Holiday,No,No,drama,No,No,No,Bobby Khan,B. Subhash,Sawan Kumar Sawan,40,10000000,1525000
Santa Banta Pvt. Ltd.,Normal,No,No,comedy,No,No,No,Boman Irani,Akashdeep,Jassi Katyal,550,95000000,12500000
Shirin Farhad Ki Toh Nikal Padi,Normal,No,No,rom__com,No,Yes,No,Boman Irani,Bela Sehgal,Jeet Ganguly,650,190000000,198675000
Well Done Abba,Normal,No,No,drama,No,No,No,Boman Irani,Shyam Benegal,Shantanu Moitra,325,60000000,42300000
Ooops A Desi,Normal,No,No,thriller,Yes,Yes,Yes,Buali Shah,Jenner Jose,Saurabh Malhotra,30,15000000,475000
Accident On Hill Road,Holiday,No,No,thriller,No,Yes,No,Celina Jaitley,Mahesh Nair,Raju Singh,75,35000000,1950000
Ek Main Ek Tum,Normal,No,No,horror,No,Yes,Yes,Chahat Khanna,Deepak Bengani,Bali Brahmbhatt,2,3000000,75000
MLA,Normal,No,No,drama,Yes,Yes,No,Chaitanya Naidu,Shiv Dube,Sandesh Shandilya,55,17500000,675000
Laash - The Deadly Revenge,Normal,No,No,adult,Yes,No,No,Chaman Jackson,Suresh Jain,Siddharth - Suhas,10,1500000,2200000
Prague,Normal,No,No,thriller,No,Yes,Yes,Chandan Roy Sanyal,Ashish R. Shukla,Atif Afzal,85,40000000,1150000
Love You To Death,Holiday,No,No,drama,No,Yes,Yes,Chandan Roy Sanyal,Rafeeq Ellias,Ronit Chatterji,35,20000000,525000
Maruti Mera Dosst,Normal,No,No,fantasy,No,Yes,No,Chandrachur Singh,Manikya Raju,Kartik Shah,150,27500000,4000000
Prem Mayee,Normal,No,No,drama,No,No,No,Chandrachur Singh,Shekhar S. Jha,Abhishek Ray,45,20000000,925000
Mokssh,Normal,No,No,drama,Yes,Yes,No,Chinmay Mandlekar,Ajit Bhairavkar,Shailendra Barve,3,5000000,500000
Miley Naa Miley Hum,Holiday,No,No,love_story,Yes,No,No,Chirag Paswan,Tanveer Khan,Sajid - Wajid,325,130000000,9700000
Wake Up India,Normal,No,No,drama,No,Yes,No,Chirag Patil,Babloo Sheshadri,Shankar Sahney,175,15000000,950000
Fruit & Nut,Normal,No,No,comedy,Yes,Yes,Yes,Cyrus Broacha,Kunal Vijayakar,Sangeet - Siddharth,50,50000000,1500000
Frozen,Holiday,No,No,drama,No,Yes,Yes,Danny Denzongpa,Shivajee Chandrabhushan,John P. Varkey,8,2500000,650000
Dilli Gang,Normal,No,No,drama,No,Yes,No,Darshan Jariwala,Ashish Tyagi,Amjad - Nadeem,175,15000000,900000
Zokkomon,Holiday,No,No,fantasy,No,Yes,No,Darsheel Safary,Satyajit Bhatkal,Shankar - Ehsaan - Loy,350,100000000,11300000
Today Expose,Holiday,No,No,adult,Yes,No,No,Debashree,Kishan Shah,Raj Sen,1,1000000,300000
Diwangi Ne Had Kar Di,Holiday,No,No,thriller,Yes,Yes,No,Deep,Jiten Purohit,Sandesh Shandilya,50,12500000,500000
The Light - Swami Vivekananda,Normal,No,No,drama,Yes,Yes,Yes,Deep Bhattacharya,Tutu Sinha,Haricharan Verma,50,17500000,3000000
Daayen Ya Baayen,Normal,No,No,drama,No,Yes,No,Deepak Dobriyal,Bela Negi,Vivek Philip,15,5000000,142000
Chor Chor Super Chor,Holiday,No,No,comedy,No,Yes,No,Deepak Dobriyal,K. Rajesh,Mangesh Dhakde,125,37500000,1750000
Chal Bhaag,Normal,No,No,comedy,No,No,Yes,Deepak Dobriyal,Prakash Saini,Sanjay Pathak,125,20000000,750000
Vikalp,Normal,No,No,drama,No,No,No,Deepal Shaw,Sachin P. Karande,Dev Sikander,125,35000000,1500000
Finding Fanny,Normal,No,No,drama,No,No,No,Deepika Padukone,Homi Adajania,Mathias Duplessy,875,290000000,512810000
Yeh Dooriyaan,Holiday,No,No,love_story,No,Yes,No,Deepshika,Deepshika,Amjad - Nadeem,175,62500000,2100000
Rivaaz,Normal,No,No,drama,No,No,Yes,Deepti Naval,Ashok Nanda,Reeg Deb,175,37500000,2600000
Memories in March,Holiday,No,No,drama,No,Yes,No,Deepti Naval,Sanjoy Nag,Debajyoti Mishra,20,15000000,1425000
Bubble Gum,Normal,No,No,drama,Yes,Yes,No,Delzad Hiwale,Sanjivan Lal,Bappi - Tutal,50,17500000,1150000
Mr. Prime Minister,Holiday,No,No,drama,No,No,Yes,Dev Anand,Dev Anand,Darshan Dave,45,12500000,540000
Chargesheet,Holiday,No,No,suspense,No,No,Yes,Dev Anand,Dev Anand,Sanjay Jaydip,75,32500000,575000
Aman Ke Farisshtey,Normal,No,No,action,No,No,No,Dev Anand,Kadar Kashmiri,Bappi Lahiri,5,7000000,750000
Karavaas - The Punishment,Normal,No,No,love_story,No,No,Yes,Dev Gill,Ravi Varma,Narendra Sharma,2,4500000,180000
9 Eleven,Normal,No,No,thriller,Yes,Yes,Yes,Devasish Ray,Manan Singh Katohora,Jatin Pandit,20,20000000,250000
Jalsa Ghar Ki Devi,Normal,No,No,drama,Yes,Yes,No,Devi,R.G. Sagonakha,Ravindra Jain,2,2500000,250000
Ram Balram Aur Ramkali,Normal,No,No,action,Yes,No,No,Dhananjay,Dil Kumar,Mahesh Naik,2,1500000,950000
Raanjhanaa,Normal,No,No,love_story,Yes,No,No,Dhanush,Anand L. Rai,A.R. Rehman,1450,360000000,941342500
Second Hand Husband,Normal,No,No,comedy,No,Yes,Yes,Dharmendra,Smeep Kang,Jatinder Shah,525,110000000,51050000
Humraah - The Traitor,Normal,No,No,action,Yes,No,No,Dheren Kushesh Rusto,V.K. Singh,R.K. Pandit,15,7000000,205000
Naam Gum Jaayega,Holiday,No,No,thriller,No,No,No,Dia Mirza,Amol Shetge,Anand - Milind,7,15000000,350000
B.A. Pass,Holiday,No,No,adult,No,Yes,Yes,Dibyendu Bhattacharya,Ajay Bahl,Alokananda Dasgupta,600,67500000,114600000
Pairon Talle,Normal,No,No,thriller,No,Yes,Yes,Dibyendu Bhattacharya,Sidharth Srinivasan,Jona Kampa,10,5000000,255000
Phillauri,Normal,No,No,drama,Yes,Yes,No,Diljit Dosanjh,Anshai Lal,Jasleen Royal,1500,290000000,466075000
Bollywood Villa,Normal,No,No,suspense,No,Yes,No,Dilzan Wadia,Chandarsen Singh,Vaishnav Deva,1,8000000,825000
Phir Aik Saazish,Normal,No,No,thriller,No,Yes,Yes,Dilzan Wadia,Shyam Shah,Shahank Phadnis,100,9000000,2300000
What The Fish,Normal,No,No,comedy,No,Yes,Yes,Dimple Kapadia,Gurmmeet Singh,Amartya Rahut,350,45000000,9800000
Har Raat Naya Saudagar,Normal,No,No,drama,No,No,Yes,Dimple Sevak,Irfan,John T. Hunt,1,1500000,950000
Maya Ya Maut,Holiday,No,No,adult,Yes,No,No,Dinesh Mehta,K. Bhushan,Abhi - Raj,2,2000000,650000
Anamika,Normal,No,No,thriller,No,No,No,Dino Morea,Anant Mahadevan,Anu Malik,75,32500000,2450000
Tom Dick and Harry,Holiday,No,No,comedy,No,No,No,Dino Morea,Deepak Tijori,Himesh Reshammiya,275,75000000,135150000
Gumnaam - The Mystery,Normal,No,No,suspense,No,Yes,No,Dino Morea,Neeraj Pathak,Nadeem - Shravan,70,32500000,3150000
Bhram,Holiday,No,No,thriller,No,No,No,Dino Morea,Pawan Kaul,Pritam,250,60000000,5300000
Holiday,Holiday,No,No,drama,No,No,No,Dino Morea,Pooja Bhatt,Ranjit Barot,100,35000000,11200000
Life Mein Kabhi Kabhiee,Holiday,No,No,drama,No,No,Yes,Dino Morea,Vikram Bhatt,Lalit Pandit,110,50000000,10500000
Anuradha - Aur Uski Kahaani,Normal,No,No,drama,Yes,No,Yes,Disha Chaudhary,Raju Mavani,Farzan Faaiz,100,17500000,675000
Pehli Nazar Ka Pyaar,Normal,No,No,love_story,No,No,No,Divvj Kak,Arshad Khan,Ali Ghani,7,7500000,325000
Saathi - The Companion,Holiday,No,No,drama,Yes,Yes,No,Divvj Kak,Faiz Anwar,Nikhil - Vinay,5,6000000,350000
Kahaani Gudiya Ki...,Normal,No,No,drama,No,Yes,Yes,Divya Dutta,Prabhakar Shukla,Vivek Prakash,3,3000000,80000
Monica,Normal,No,No,thriller,No,No,Yes,Divya Dutta,Sushen Bhatnagar,Raju Rao,100,45000000,2850000
Shobhayatra,Normal,No,No,comedy,No,Yes,No,Divya Dutta,Vijay Ghatge,Taufiq Qureshi,5,5000000,42500
Lucky Kabootar,Holiday,No,No,rom__com,No,Yes,No,Eijaz Khan,Shammi Chhabra,Santokh Singh,375,70000000,4200000
Tell Me O Kkhuda,Holiday,No,No,drama,Yes,Yes,No,Eisha Deol,Hema Malini,Pritam,325,160000000,12300000
Aashiq Banaye Aapne,Normal,No,No,love_story,No,Yes,No,Emraan Hashmi,Aaditya Datt,Himesh Reshammiya,225,45000000,93225000
Dil Diya Hai,Normal,No,No,thriller,No,No,No,Emraan Hashmi,Aaditya Datt,Himesh Reshammiya,225,85000000,32500000
Aksar,Normal,No,No,thriller,No,No,No,Emraan Hashmi,Anant Mahadevan,Himesh Reshammiya,325,52500000,121800000
Azhar,Normal,No,No,drama,No,No,No,Emraan Hashmi,Anthony D'Souza,Amal Malik,2100,400000000,499390000
Gangster - A Love Story,Holiday,No,No,love_story,No,No,No,Emraan Hashmi,Anurag Basu,Pritam,300,65000000,179300000
Good Boy Bad Boy,Normal,No,No,comedy,No,No,No,Emraan Hashmi,Ashwini Chaudhary,Himesh Reshammiya,525,125000000,103268750
Shanghai,Normal,No,No,thriller,No,No,Yes,Emraan Hashmi,Dibakar Banerjee,Vishal - Shekhar,975,230000000,349650000
Jannat,Normal,No,No,drama,No,Yes,Yes,Emraan Hashmi,Kunal Deshmukh,Kamran Ahmed,825,100000000,415700000
Tum Mile,Normal,No,No,love_story,No,No,No,Emraan Hashmi,Kunal Deshmukh,Pritam,675,220000000,134600000
Jannat 2,Holiday,No,Yes,thriller,No,No,No,Emraan Hashmi,Kunal Deshmukh,Pritam,2050,200000000,630910000
Raja Natwarlal,Holiday,No,No,thriller,No,No,Yes,Emraan Hashmi,Kunal Deshmukh,Yuvan Shankar Raja,1950,470000000,390095000
Jawani Diwani - A Youtful Joyride,Normal,No,No,comedy,No,Yes,No,Emraan Hashmi,Manish Sharma,Sajid - Wajid,275,47500000,67554000
Zeher,Holiday,Yes,No,thriller,No,Yes,No,Emraan Hashmi,Mohit Suri,Roop Kumar Rathod,275,50000000,110631250
Awarapan,Normal,Yes,No,drama,No,No,No,Emraan Hashmi,Mohit Suri,Pritam,375,180000000,122575000
Raaz - The Mystery Continues,Holiday,No,Yes,horror,No,No,Yes,Emraan Hashmi,Mohit Suri,Toshi - Sharib,1150,180000000,380900000
Crook,Normal,No,No,action,No,No,No,Emraan Hashmi,Mohit Suri,Pritam,1050,230000000,150410000
Murder 2,Normal,No,Yes,thriller,No,No,No,Emraan Hashmi,Mohit Suri,Mithoon,1300,130000000,678450000
Hamari Adhuri Kahani,Normal,No,No,love_story,No,No,No,Emraan Hashmi,Mohit Suri,Mithoon,1750,400000000,518720000
Ghanchakkar,Normal,No,No,comedy,No,No,No,Emraan Hashmi,Raj Kumar Gupta,Amit Trivedi,1450,290000000,449915000
The Killer,Normal,No,No,thriller,No,Yes,No,Emraan Hashmi,Raksha Mistry,Sajid - Wajid,250,72500000,65379000
The Train,Normal,Yes,No,thriller,No,No,Yes,Emraan Hashmi,Raksha Mistry,Mithoon,325,77500000,71718750
Ungli,Normal,No,No,drama,No,No,No,Emraan Hashmi,Renzil D'Silva,Gulraj Singh,1800,390000000,249657500
Rush,Holiday,No,No,thriller,No,Yes,No,Emraan Hashmi,Shamin Desai,Pritam,800,180000000,45400000
Raaz 3,Normal,No,Yes,horror,No,No,Yes,Emraan Hashmi,Vikram Bhatt,Rashid Khan,2100,310000000,952662500
Mr. X,Normal,No,No,fantasy,No,No,No,Emraan Hashmi,Vikram Bhatt,Jeet Ganguly,2100,370000000,297362500
Raaz Reboot,Normal,No,Yes,horror,No,No,No,Emraan Hashmi,Vikram Bhatt,Sangeet - Siddharth,1700,310000000,369650000
Chocolate,Normal,No,No,thriller,No,Yes,No,Emraan Hashmi,Vivek Agnihotri,Pritam,255,90000000,103520000
Siyaah,Normal,No,No,horror,Yes,Yes,Yes,Faheem Ul Haq,Aziz Naser,Rajesh S.S,50,12500000,1350000
Chand Bujh Gaya,Normal,No,No,love_story,No,Yes,Yes,Faisal Khan,Sharique Minhaz,Ali Ghani,20,17500000,1552500
Shaadi No. 1,Holiday,No,No,comedy,No,No,No,Fardeen Khan,David Dhawan,Anu Malik,425,150000000,204932500
Just Married,Holiday,No,No,rom__com,No,No,No,Fardeen Khan,Meghna Gulzar,Pritam,250,80000000,62120000
Dulha Mil Gaya,Normal,No,No,rom__com,No,Yes,No,Fardeen Khan,Mudassar Aziz,Pritam,550,220000000,64850000
Jai Veeru,Normal,No,No,action,No,No,No,Fardeen Khan,Puneet Sira,Bappa Lahiri,475,150000000,38000000
Darling,Normal,No,No,drama,No,No,No,Fardeen Khan,Ram Gopal Verma,Pritam,240,65000000,47482500
Ek Khiladi Ek Haseena,Normal,No,No,thriller,No,Yes,No,Fardeen Khan,Suparn Verma,Pritam,300,57500000,78866250
Acid Factory,Normal,Yes,No,thriller,No,No,Yes,Fardeen Khan,Suparn Verma,Manasi Scott,850,210000000,52000000
Rock On!!,Normal,No,No,drama,Yes,No,No,Farhan Akhtar,Abhishek Kapoor,Shankar - Ehsaan - Loy,400,190000000,360937500
Wazir,Normal,No,No,thriller,No,No,Yes,Farhan Akhtar,Bejoy Nambiar,Gaurav Godkhindi,1550,360000000,757515000
Bhaag Milkha Bhaag,Normal,No,No,drama,No,No,No,Farhan Akhtar,Rakesh Omprakash Mehra,Shankar - Ehsaan - Loy,1650,530000000,1637800000
Lucknow Central,Normal,No,No,drama,No,Yes,No,Farhan Akhtar,Ranjit Tiwari,Rochak Kohli,1250,300000000,179356250
Shaadi Ke Side Effects,Normal,No,Yes,rom__com,No,No,No,Farhan Akhtar,Saket Chaudhary,Pritam,1900,430000000,696300000
Rock On 2,Holiday,No,Yes,drama,No,Yes,No,Farhan Akhtar,Shujaat Saudagar,Shankar - Ehsaan - Loy,1450,450000000,177600000
Karthik Calling Karthik,Holiday,No,No,thriller,No,Yes,No,Farhan Akhtar,Vijay Lalwani,Shankar - Ehsaan - Loy,850,200000000,282200000
Luck By Chance,Holiday,No,No,drama,No,Yes,No,Farhan Akhtar,Zoya Akhtar,Shankar - Ehsaan - Loy,600,180000000,216075000
Children Of War,Normal,No,No,drama,No,Yes,Yes,Farooque Shaikh,Mrityunjay Devvrat,Sidhant Mathur,275,90000000,7500000
Lahore,Normal,No,No,drama,No,Yes,No,Farooque Shaikh,Sanjay Puran Singh Chauhan,M.M. Kreem,325,95000000,12100000
Barefoot To Goa,Normal,No,No,drama,Yes,Yes,Yes,Farrukh Jaffar,Praveen Morchhale,Rohit Sharma,25,6000000,420000
Main Hoon Durga,Normal,No,No,action,Yes,Yes,No,Fatima,A. Rajesh,Ravindra Jain,20,7000000,650000
Khoobsurat,Normal,No,No,rom__com,Yes,No,No,Fawad Khan,Shashanka Ghosh,Sneha Khanwalkar,1150,230000000,506715000
Aaj Ka Fashion Trend,Normal,No,No,drama,Yes,Yes,Yes,Gagan Nimesh,Jaganath S.R.,Lava Kumar S.R.,10,2000000,140000
Tum Ho Yaara,Normal,No,No,drama,Yes,Yes,No,Ganesh Venkatraman,Natty Kumar,Faizan Hussain,5,6000000,550000
Na Jaane Kabse,Normal,No,No,rom__com,Yes,Yes,Yes,Garry Gill,Pammi Somal,Jatin Pandit,75,30000000,750000
Muskurake Dekh Zara,Normal,No,No,rom__com,Yes,Yes,No,Gashmeer Mahajani,P. Som Shekar,Ranjit Barot,175,35000000,2900000
Vroom,Normal,No,No,comedy,Yes,Yes,No,Gaurav Bajaj,Savin Tuscano,Sanjoy Chowdhary,75,40000000,750000
Hota Hai Dil Pyaar Mein Paagal,Holiday,No,No,love_story,Yes,No,Yes,Gaurav Kakkar,Mahesh Kapoor,Ali Vasudev,5,10000000,175000
Bad Luck Govind,Normal,No,No,comedy,No,No,No,Gaurav Kapur,Varun Khanna,Anu Malik,65,37500000,975000
Bhooton Ki Raasleela,Normal,No,No,adult,Yes,Yes,Yes,Gauri Angel,Shravan Jain,Munni Raj,1,2000000,500000
Go,Normal,No,No,drama,Yes,No,Yes,Gautam Gupta,Manish Shrivastava,Sneha Khanwalkar,210,55000000,20600000
Shoot At Sight,Holiday,No,No,thriller,Yes,No,No,Gautam Jadhav,Harish Bhonsle,Madhu Bhosle,4,1000000,87000
Let's Dance,Normal,No,No,drama,Yes,Yes,Yes,Gayatri Patel,Aarif Sheikh,Vipin Mishra,70,45000000,750000
Will To Live,Holiday,No,No,drama,Yes,Yes,No,Geoffrey Broderick,Charles Sleichter,Bappi Lahiri,10,5500000,55000
Ramaiya Vastavaiya,Normal,Yes,No,love_story,Yes,No,No,Girish Taurani,Prabhu Deva,Sachin - Jigar,1400,380000000,383420000
Loveshhuda,Holiday,No,No,rom__com,No,Yes,No,Girish Taurani,Vaibhav Misra,Mithoon,900,220000000,42912500
Sandwich,Holiday,No,No,comedy,No,No,No,Govinda,Anees Bazmee,Aadesh Shrivastava,90,100000000,6800000
Do Knot Disturb,Holiday,No,No,comedy,No,No,No,Govinda,David Dhawan,Nadeem - Shravan,1000,300000000,278900000
Money Hai Toh Honey Hai,Normal,No,No,comedy,No,No,Yes,Govinda,Ganesh Acharya,Sony Chandy,525,180000000,62625000
Khullam Khulla Pyaar Karen,Holiday,No,No,comedy,No,No,No,Govinda,Harmesh Malhotra,Anand - Milind,60,67500000,11787500
Naughty @ 40,Holiday,No,No,comedy,No,No,No,Govinda,Jag Mundhra,Monty Sharma,425,100000000,19400000
Jahan Jaaeyega Humen Paaeyega,Normal,No,No,drama,No,Yes,No,Govinda,Janmendra Ahuja,Aadesh Shrivastava,20,40000000,2150000
Deewana Main Deewana,Normal,No,No,love_story,No,No,No,Govinda,K.C. Bokadia,Bappi Lahiri,200,50000000,4400000
Ssukh,Normal,No,No,drama,No,No,Yes,Govinda,Kirti Kumar,Kamini Khanna,25,50000000,1250000
Loot,Holiday,No,No,comedy,No,Yes,No,Govinda,Rajnish Thakur,Shabbir Ahmed,625,150000000,44100000
Life Partner,Holiday,No,No,comedy,No,No,No,Govinda,Rumi Jaffery,Pritam,900,250000000,330220000
Chal Chala Chal,Holiday,No,No,comedy,No,No,No,Govinda,T.K. Rajiv Kumar,Anu Malik,150,80000000,17800000
Yehi Hai Zindagi,Normal,No,No,drama,No,No,Yes,Gracy Singh,Ajay Panesekar,Arvind Haldipur,25,10000000,2100000
Mahabharat Aur Barbareek,Normal,No,No,mythological,No,Yes,No,Gracy Singh,Dharmesh Tiwari,Ravindra Jain,15,17500000,1750000
Chanchal,Normal,No,No,drama,No,Yes,Yes,Gracy Singh,Indrajit Singh,Kuldeep Singh,2,10000000,142500
Dekh Re Dekh,Normal,No,No,comedy,No,Yes,Yes,Gracy Singh,Rahat Kazmi,Abu Zar,80,15000000,1425000
Milta Hai Chance By Chance,Holiday,No,No,love_story,No,No,Yes,Gracy Singh,Ramesh Modi,Jatin Pandit,20,15000000,310000
Aseema,Normal,No,No,drama,No,Yes,No,Gracy Singh,Sisir Mishra,Shamir Tandon,7,10000000,70000
Meri Marzi,Normal,No,No,drama,Yes,Yes,Yes,Guddi Maruti,Kuldeepak Bakshi,Ravee Jule,1,4000000,35000
Hello Darling,Normal,No,No,comedy,No,Yes,No,Gul Panag,Manoj Tiwari,Pritam,475,110000000,26200000
Red Light,Holiday,No,No,adult,No,No,Yes,Gulshan Rana,Suresh Jain,Shivam Bagchi,1,1500000,1400000